codigo_parroquia,codigo_provincia,provincia,canton,parroquia,provincia_modelo,riesgo_predicho,probabilidad_prediccion,probabilidad_bajo,probabilidad_medio,probabilidad_alto
070150,07,EL ORO,MACHALA,MACHALA,EL ORO,Alto,0.8242,0.0554,0.1204,0.8242
070152,07,EL ORO,MACHALA,EL RETIRO,EL ORO,Medio,0.5841,0.362,0.5841,0.0539
070250,07,EL ORO,ARENILLAS,ARENILLAS,EL ORO,Alto,0.7809,0.1209,0.0982,0.7809
070251,07,EL ORO,ARENILLAS,CHACRAS,EL ORO,Bajo,0.623,0.623,0.213,0.164
070254,07,EL ORO,ARENILLAS,PALMALES,EL ORO,Bajo,0.6853,0.6853,0.253,0.0616
070255,07,EL ORO,ARENILLAS,CARCABÓN,EL ORO,Bajo,0.7024,0.7024,0.149,0.1486
070256,07,EL ORO,ARENILLAS,LA CUCA,EL ORO,Bajo,0.7174,0.7174,0.1808,0.1019
070350,07,EL ORO,ATAHUALPA,PACCHA,EL ORO,Bajo,0.8935,0.8935,0.0994,0.0071
070351,07,EL ORO,ATAHUALPA,AYAPAMBA,EL ORO,Bajo,0.9609,0.9609,0.0301,0.009
070352,07,EL ORO,ATAHUALPA,CORDONCILLO,EL ORO,Bajo,0.9218,0.9218,0.0624,0.0158
070353,07,EL ORO,ATAHUALPA,MILAGRO,EL ORO,Bajo,0.9744,0.9744,0.0256,0.0
070354,07,EL ORO,ATAHUALPA,SAN JOSÉ,EL ORO,Bajo,0.9679,0.9679,0.0321,0.0
070355,07,EL ORO,ATAHUALPA,SAN JUAN DE CERRO AZUL,EL ORO,Bajo,0.9809,0.9809,0.0131,0.006
070450,07,EL ORO,BALSAS,BALSAS,EL ORO,Medio,0.7074,0.2672,0.7074,0.0254
070451,07,EL ORO,BALSAS,BELLAMARÍA,EL ORO,Bajo,0.9594,0.9594,0.0384,0.0022
070550,07,EL ORO,CHILLA,CHILLA,EL ORO,Bajo,0.9392,0.9392,0.0559,0.0049
070650,07,EL ORO,EL GUABO,EL GUABO,EL ORO,Alto,0.647,0.1301,0.2229,0.647
070651,07,EL ORO,EL GUABO,BARBONES,EL ORO,Bajo,0.6703,0.6703,0.268,0.0617
070652,07,EL ORO,EL GUABO,LA IBERIA,EL ORO,Bajo,0.6572,0.6572,0.1804,0.1624
070653,07,EL ORO,EL GUABO,TENDALES,EL ORO,Medio,0.5963,0.3061,0.5963,0.0976
070654,07,EL ORO,EL GUABO,RÍO BONITO,EL ORO,Medio,0.619,0.3585,0.619,0.0225
070750,07,EL ORO,HUAQUILLAS,HUAQUILLAS,EL ORO,Alto,0.6667,0.1338,0.1995,0.6667
070850,07,EL ORO,MARCABELÍ,MARCABELÍ,EL ORO,Bajo,0.7799,0.7799,0.1886,0.0315
070851,07,EL ORO,MARCABELÍ,EL INGENIO,EL ORO,Bajo,0.9069,0.9069,0.0765,0.0166
070950,07,EL ORO,PASAJE,PASAJE,EL ORO,Alto,0.6652,0.1251,0.2097,0.6652
070951,07,EL ORO,PASAJE,BUENAVISTA,EL ORO,Medio,0.7343,0.2089,0.7343,0.0569
070952,07,EL ORO,PASAJE,CASACAY,EL ORO,Bajo,0.674,0.674,0.1944,0.1316
070953,07,EL ORO,PASAJE,LA PEAÑA,EL ORO,Bajo,0.6517,0.6517,0.1815,0.1668
070954,07,EL ORO,PASAJE,PROGRESO,EL ORO,Bajo,0.5336,0.5336,0.4522,0.0142
070955,07,EL ORO,PASAJE,UZHCURRUMI,EL ORO,Bajo,0.8433,0.8433,0.1433,0.0134
070956,07,EL ORO,PASAJE,CAÑAQUEMADA,EL ORO,Bajo,0.6866,0.6866,0.2624,0.051
071050,07,EL ORO,PIÑAS,PIÑAS,EL ORO,Medio,0.7576,0.1964,0.7576,0.046
071051,07,EL ORO,PIÑAS,CAPIRO,EL ORO,Bajo,0.8947,0.8947,0.0952,0.0101
071052,07,EL ORO,PIÑAS,LA BOCANA,EL ORO,Bajo,0.9541,0.9541,0.0371,0.0088
071053,07,EL ORO,PIÑAS,MOROMORO,EL ORO,Bajo,0.9313,0.9313,0.0602,0.0085
071054,07,EL ORO,PIÑAS,PIEDRAS,EL ORO,Bajo,0.8295,0.8295,0.1441,0.0264
071055,07,EL ORO,PIÑAS,SAN ROQUE,EL ORO,Bajo,0.9809,0.9809,0.0157,0.0035
071056,07,EL ORO,PIÑAS,SARACAY,EL ORO,Bajo,0.8649,0.8649,0.1203,0.0148
071150,07,EL ORO,PORTOVELO,PORTOVELO,EL ORO,Medio,0.8506,0.1199,0.8506,0.0295
071151,07,EL ORO,PORTOVELO,CURTINCAPA,EL ORO,Bajo,0.9622,0.9622,0.0378,0.0
071152,07,EL ORO,PORTOVELO,MORALES,EL ORO,Bajo,0.9001,0.9001,0.0728,0.0271
071153,07,EL ORO,PORTOVELO,SALATÍ,EL ORO,Bajo,0.9553,0.9553,0.0395,0.0053
071250,07,EL ORO,SANTA ROSA,SANTA ROSA,EL ORO,Alto,0.8635,0.0685,0.0679,0.8635
071251,07,EL ORO,SANTA ROSA,BELLAVISTA,EL ORO,Bajo,0.473,0.473,0.2157,0.3113
071252,07,EL ORO,SANTA ROSA,JAMBELÍ,EL ORO,Bajo,0.7314,0.7314,0.2169,0.0517
071253,07,EL ORO,SANTA ROSA,LA AVANZADA,EL ORO,Medio,0.6686,0.3147,0.6686,0.0167
071254,07,EL ORO,SANTA ROSA,SAN ANTONIO,EL ORO,Bajo,0.6854,0.6854,0.1801,0.1345
071255,07,EL ORO,SANTA ROSA,TORATA,EL ORO,Bajo,0.9642,0.9642,0.0343,0.0015
071256,07,EL ORO,SANTA ROSA,VICTORIA,EL ORO,Medio,0.6688,0.3146,0.6688,0.0166
071257,07,EL ORO,SANTA ROSA,BELLAMARÍA,EL ORO,Bajo,0.7742,0.7742,0.195,0.0308
071350,07,EL ORO,ZARUMA,ZARUMA,EL ORO,Medio,0.7239,0.1767,0.7239,0.0994
071351,07,EL ORO,ZARUMA,ABAÑÍN,EL ORO,Bajo,0.8989,0.8989,0.0878,0.0134
071352,07,EL ORO,ZARUMA,ARCAPAMBA,EL ORO,Bajo,0.952,0.952,0.048,0.0
071353,07,EL ORO,ZARUMA,GUANAZÁN,EL ORO,Bajo,0.8452,0.8452,0.1502,0.0045
071354,07,EL ORO,ZARUMA,GUIZHAGUIÑA,EL ORO,Bajo,0.7846,0.7846,0.1632,0.0522
071355,07,EL ORO,ZARUMA,HUERTAS,EL ORO,Bajo,0.9583,0.9583,0.037,0.0047
071356,07,EL ORO,ZARUMA,MALVAS,EL ORO,Bajo,0.8769,0.8769,0.0987,0.0244
071357,07,EL ORO,ZARUMA,MULUNCAY GRANDE,EL ORO,Bajo,0.969,0.969,0.031,0.0
071358,07,EL ORO,ZARUMA,SINSAO,EL ORO,Bajo,0.9685,0.9685,0.0315,0.0
071359,07,EL ORO,ZARUMA,SALVIAS,EL ORO,Bajo,0.9601,0.9601,0.0399,0.0
071450,07,EL ORO,LAS LAJAS,LA VICTORIA,EL ORO,Medio,0.5813,0.3876,0.5813,0.0311
071451,07,EL ORO,LAS LAJAS,LA LIBERTAD,EL ORO,Bajo,0.9085,0.9085,0.0825,0.009
071452,07,EL ORO,LAS LAJAS,EL PARAÍSO,EL ORO,Bajo,0.92,0.92,0.0781,0.0019
071453,07,EL ORO,LAS LAJAS,SAN ISIDRO,EL ORO,Bajo,0.9539,0.9539,0.0441,0.0019
080150,08,ESMERALDAS,ESMERALDAS,ESMERALDAS,ESMERALDAS,Alto,0.7993,0.073,0.1277,0.7993
080152,08,ESMERALDAS,ESMERALDAS,CAMARONES,ESMERALDAS,Bajo,0.6942,0.6942,0.2345,0.0713
080153,08,ESMERALDAS,ESMERALDAS,CORONEL CARLOS CONCHA TORRES,ESMERALDAS,Bajo,0.8641,0.8641,0.1239,0.0119
080154,08,ESMERALDAS,ESMERALDAS,CHINCA,ESMERALDAS,Medio,0.5642,0.4145,0.5642,0.0213
080159,08,ESMERALDAS,ESMERALDAS,MAJUA,ESMERALDAS,Bajo,0.638,0.638,0.3341,0.028
080163,08,ESMERALDAS,ESMERALDAS,SAN MATEO,ESMERALDAS,Bajo,0.6367,0.6367,0.2548,0.1085
080165,08,ESMERALDAS,ESMERALDAS,TABIAZO,ESMERALDAS,Bajo,0.6685,0.6685,0.2812,0.0504
080166,08,ESMERALDAS,ESMERALDAS,TACHINA,ESMERALDAS,Medio,0.5812,0.1189,0.5812,0.2999
080168,08,ESMERALDAS,ESMERALDAS,VUELTA LARGA,ESMERALDAS,Alto,0.373,0.3271,0.2998,0.373
080250,08,ESMERALDAS,ELOY ALFARO,VALDEZ,ESMERALDAS,Bajo,0.604,0.604,0.1866,0.2094
080251,08,ESMERALDAS,ELOY ALFARO,ANCHAYACU,ESMERALDAS,Medio,0.7812,0.1893,0.7812,0.0295
080252,08,ESMERALDAS,ELOY ALFARO,ATAHUALPA,ESMERALDAS,Bajo,0.7595,0.7595,0.2138,0.0268
080253,08,ESMERALDAS,ELOY ALFARO,BORBÓN,ESMERALDAS,Medio,0.6678,0.2802,0.6678,0.052
080254,08,ESMERALDAS,ELOY ALFARO,LA TOLA,ESMERALDAS,Bajo,0.7473,0.7473,0.1802,0.0725
080255,08,ESMERALDAS,ELOY ALFARO,LUIS VARGAS TORRES,ESMERALDAS,Bajo,0.852,0.852,0.1176,0.0304
080256,08,ESMERALDAS,ELOY ALFARO,MALDONADO,ESMERALDAS,Bajo,0.7329,0.7329,0.2274,0.0396
080257,08,ESMERALDAS,ELOY ALFARO,PAMPANAL DE BOLÍVAR,ESMERALDAS,Bajo,0.9233,0.9233,0.0611,0.0156
080258,08,ESMERALDAS,ELOY ALFARO,SAN FRANCISCO DE ONZOLE,ESMERALDAS,Medio,0.7342,0.2388,0.7342,0.027
080259,08,ESMERALDAS,ELOY ALFARO,SANTO DOMINGO DE ONZOLE,ESMERALDAS,Medio,0.5096,0.4854,0.5096,0.005
080260,08,ESMERALDAS,ELOY ALFARO,SELVA ALEGRE,ESMERALDAS,Bajo,0.8165,0.8165,0.1656,0.0179
080261,08,ESMERALDAS,ELOY ALFARO,TELEMBÍ,ESMERALDAS,Bajo,0.7655,0.7655,0.174,0.0605
080262,08,ESMERALDAS,ELOY ALFARO,COLÓN ELOY DEL MARÍA,ESMERALDAS,Bajo,0.686,0.686,0.2953,0.0187
080263,08,ESMERALDAS,ELOY ALFARO,SAN JOSÉ DE CAYAPAS,ESMERALDAS,Bajo,0.7847,0.7847,0.16,0.0553
080265,08,ESMERALDAS,ELOY ALFARO,SANTA LUCÍA DE LAS PEÑAS,ESMERALDAS,Bajo,0.7028,0.7028,0.2674,0.0299
080350,08,ESMERALDAS,MUISNE,MUISNE,ESMERALDAS,Alto,0.7678,0.0883,0.1439,0.7678
080351,08,ESMERALDAS,MUISNE,BOLÍVAR,ESMERALDAS,Bajo,0.7196,0.7196,0.2005,0.0799
080352,08,ESMERALDAS,MUISNE,DAULE,ESMERALDAS,Bajo,0.6893,0.6893,0.216,0.0946
080353,08,ESMERALDAS,MUISNE,GALERA,ESMERALDAS,Medio,0.5433,0.3949,0.5433,0.0618
080354,08,ESMERALDAS,MUISNE,QUINGUE,ESMERALDAS,Bajo,0.8508,0.8508,0.1371,0.0121
080355,08,ESMERALDAS,MUISNE,SÁLIMA,ESMERALDAS,Bajo,0.7887,0.7887,0.1701,0.0412
080356,08,ESMERALDAS,MUISNE,SAN FRANCISCO,ESMERALDAS,Medio,0.7558,0.1665,0.7558,0.0777
080357,08,ESMERALDAS,MUISNE,SAN GREGORIO,ESMERALDAS,Alto,0.4308,0.2388,0.3304,0.4308
080358,08,ESMERALDAS,MUISNE,SAN JOSÉ DE CHAMANGA,ESMERALDAS,Bajo,0.6468,0.6468,0.2705,0.0827
080450,08,ESMERALDAS,QUININDÉ,ROSA ZÁRATE,ESMERALDAS,Alto,0.7648,0.0891,0.1461,0.7648
080451,08,ESMERALDAS,QUININDÉ,CUBE,ESMERALDAS,Medio,0.6832,0.2716,0.6832,0.0453
080452,08,ESMERALDAS,QUININDÉ,CHURA,ESMERALDAS,Bajo,0.7368,0.7368,0.2268,0.0364
080453,08,ESMERALDAS,QUININDÉ,MALIMPIA,ESMERALDAS,Medio,0.7016,0.1994,0.7016,0.0989
080454,08,ESMERALDAS,QUININDÉ,VICHE,ESMERALDAS,Medio,0.6264,0.1533,0.6264,0.2203
080455,08,ESMERALDAS,QUININDÉ,LA UNIÓN,ESMERALDAS,Alto,0.6719,0.1916,0.1365,0.6719
080550,08,ESMERALDAS,SAN LORENZO,SAN LORENZO,ESMERALDAS,Alto,0.7289,0.1257,0.1454,0.7289
080551,08,ESMERALDAS,SAN LORENZO,ALTO TAMBO,ESMERALDAS,Bajo,0.8526,0.8526,0.1211,0.0262
080552,08,ESMERALDAS,SAN LORENZO,ANCÓN,ESMERALDAS,Bajo,0.8903,0.8903,0.0929,0.0168
080553,08,ESMERALDAS,SAN LORENZO,CALDERÓN,ESMERALDAS,Medio,0.5971,0.289,0.5971,0.114
080554,08,ESMERALDAS,SAN LORENZO,CARONDELET,ESMERALDAS,Medio,0.6414,0.3229,0.6414,0.0357
080555,08,ESMERALDAS,SAN LORENZO,5 DE JUNIO,ESMERALDAS,Bajo,0.8156,0.8156,0.155,0.0294
080556,08,ESMERALDAS,SAN LORENZO,CONCEPCIÓN,ESMERALDAS,Bajo,0.6899,0.6899,0.2062,0.1038
080557,08,ESMERALDAS,SAN LORENZO,MATAJE,ESMERALDAS,Bajo,0.7228,0.7228,0.1625,0.1146
080558,08,ESMERALDAS,SAN LORENZO,SAN JAVIER DE CACHAVÍ,ESMERALDAS,Bajo,0.6905,0.6905,0.2597,0.0498
080559,08,ESMERALDAS,SAN LORENZO,SANTA RITA,ESMERALDAS,Bajo,0.8075,0.8075,0.1698,0.0227
080560,08,ESMERALDAS,SAN LORENZO,TAMBILLO,ESMERALDAS,Bajo,0.8953,0.8953,0.0747,0.03
080561,08,ESMERALDAS,SAN LORENZO,TULULBÍ,ESMERALDAS,Bajo,0.8644,0.8644,0.0957,0.0399
080562,08,ESMERALDAS,SAN LORENZO,URBINA,ESMERALDAS,Bajo,0.8635,0.8635,0.1126,0.0239
080650,08,ESMERALDAS,ATACAMES,ATACAMES,ESMERALDAS,Alto,0.708,0.0843,0.2076,0.708
080651,08,ESMERALDAS,ATACAMES,LA UNIÓN,ESMERALDAS,Medio,0.6753,0.2892,0.6753,0.0355
080652,08,ESMERALDAS,ATACAMES,SÚA,ESMERALDAS,Medio,0.6967,0.1368,0.6967,0.1665
080653,08,ESMERALDAS,ATACAMES,TONCHIGÜE,ESMERALDAS,Medio,0.6313,0.1933,0.6313,0.1754
080654,08,ESMERALDAS,ATACAMES,TONSUPA,ESMERALDAS,Medio,0.6048,0.2007,0.6048,0.1946
080750,08,ESMERALDAS,RIOVERDE,RIOVERDE,ESMERALDAS,Alto,0.5585,0.2497,0.1918,0.5585
080751,08,ESMERALDAS,RIOVERDE,CHONTADURO,ESMERALDAS,Bajo,0.6845,0.6845,0.2998,0.0157
080752,08,ESMERALDAS,RIOVERDE,CHUMUNDÉ,ESMERALDAS,Medio,0.6937,0.2691,0.6937,0.0371
080753,08,ESMERALDAS,RIOVERDE,LAGARTO,ESMERALDAS,Medio,0.7933,0.1693,0.7933,0.0374
080754,08,ESMERALDAS,RIOVERDE,MONTALVO,ESMERALDAS,Medio,0.8017,0.1543,0.8017,0.044
080755,08,ESMERALDAS,RIOVERDE,ROCAFUERTE,ESMERALDAS,Bajo,0.6014,0.6014,0.3765,0.0222
090150,09,GUAYAS,GUAYAQUIL,GUAYAQUIL,GUAYAS,Alto,0.8325,0.0348,0.1327,0.8325
090152,09,GUAYAS,GUAYAQUIL,JUAN GÓMEZ RENDÓN,GUAYAS,Alto,0.5912,0.2368,0.1721,0.5912
090153,09,GUAYAS,GUAYAQUIL,MORRO,GUAYAS,Medio,0.5712,0.2868,0.5712,0.142
090156,09,GUAYAS,GUAYAQUIL,POSORJA,GUAYAS,Medio,0.511,0.1502,0.511,0.3388
090157,09,GUAYAS,GUAYAQUIL,PUNÁ,GUAYAS,Bajo,0.7634,0.7634,0.1524,0.0842
090158,09,GUAYAS,GUAYAQUIL,TENGUEL,GUAYAS,Medio,0.5904,0.1524,0.5904,0.2572
090250,09,GUAYAS,ALFREDO BAQUERIZO MORENO (JUJÁN),ALFREDO BAQUERIZO MORENO (JUJÁN),GUAYAS,Alto,0.4436,0.2115,0.3449,0.4436
090350,09,GUAYAS,BALAO,BALAO,GUAYAS,Alto,0.6762,0.117,0.2068,0.6762
090450,09,GUAYAS,BALZAR,BALZAR,GUAYAS,Alto,0.627,0.1977,0.1752,0.627
090550,09,GUAYAS,COLIMES,COLIMES,GUAYAS,Alto,0.6149,0.1355,0.2496,0.6149
090551,09,GUAYAS,COLIMES,SAN JACINTO,GUAYAS,Medio,0.71,0.1693,0.71,0.1207
090650,09,GUAYAS,DAULE,DAULE,GUAYAS,Alto,0.8975,0.0304,0.0721,0.8975
090652,09,GUAYAS,DAULE,JUAN BAUTISTA AGUIRRE,GUAYAS,Medio,0.6499,0.1739,0.6499,0.1762
090653,09,GUAYAS,DAULE,LAUREL,GUAYAS,Medio,0.708,0.1559,0.708,0.1361
090654,09,GUAYAS,DAULE,LIMONAL,GUAYAS,Bajo,0.5093,0.5093,0.336,0.1546
090656,09,GUAYAS,DAULE,LOS LOJAS,GUAYAS,Medio,0.5961,0.2053,0.5961,0.1986
090750,09,GUAYAS,DURÁN,ELOY ALFARO,GUAYAS,Alto,0.8358,0.0381,0.1261,0.8358
090850,09,GUAYAS,EL EMPALME,VELASCO IBARRA,GUAYAS,Alto,0.6218,0.0948,0.2835,0.6218
090851,09,GUAYAS,EL EMPALME,GUAYAS,GUAYAS,Bajo,0.5679,0.5679,0.2162,0.2159
090852,09,GUAYAS,EL EMPALME,EL ROSARIO,GUAYAS,Bajo,0.5062,0.5062,0.2176,0.2762
090950,09,GUAYAS,EL TRIUNFO,EL TRIUNFO,GUAYAS,Alto,0.7806,0.0701,0.1493,0.7806
091050,09,GUAYAS,MILAGRO,MILAGRO,GUAYAS,Alto,0.847,0.0373,0.1157,0.847
091051,09,GUAYAS,MILAGRO,CHOBO,GUAYAS,Bajo,0.6323,0.6323,0.1829,0.1848
091053,09,GUAYAS,MILAGRO,MARISCAL SUCRE,GUAYAS,Bajo,0.5392,0.5392,0.1478,0.3131
091054,09,GUAYAS,MILAGRO,ROBERTO ASTUDILLO,GUAYAS,Medio,0.6947,0.2079,0.6947,0.0975
091150,09,GUAYAS,NARANJAL,NARANJAL,GUAYAS,Alto,0.8165,0.0525,0.131,0.8165
091151,09,GUAYAS,NARANJAL,JESÚS MARÍA,GUAYAS,Bajo,0.4812,0.4812,0.2506,0.2683
091152,09,GUAYAS,NARANJAL,SAN CARLOS,GUAYAS,Bajo,0.4421,0.4421,0.2309,0.327
091153,09,GUAYAS,NARANJAL,SANTA ROSA DE FLANDES,GUAYAS,Bajo,0.6405,0.6405,0.2217,0.1378
091154,09,GUAYAS,NARANJAL,TAURA,GUAYAS,Medio,0.5848,0.3049,0.5848,0.1103
091250,09,GUAYAS,NARANJITO,NARANJITO,GUAYAS,Alto,0.7992,0.0543,0.1465,0.7992
091350,09,GUAYAS,PALESTINA,PALESTINA,GUAYAS,Alto,0.6692,0.1586,0.1721,0.6692
091450,09,GUAYAS,PEDRO CARBO,PEDRO CARBO,GUAYAS,Alto,0.8087,0.0559,0.1354,0.8087
091451,09,GUAYAS,PEDRO CARBO,VALLE DE LA VIRGEN,GUAYAS,Bajo,0.6095,0.6095,0.3108,0.0797
091452,09,GUAYAS,PEDRO CARBO,SABANILLA,GUAYAS,Medio,0.7392,0.2013,0.7392,0.0596
091650,09,GUAYAS,SAMBORONDÓN,SAMBORONDÓN,GUAYAS,Alto,0.8266,0.0677,0.1057,0.8266
091651,09,GUAYAS,SAMBORONDÓN,TARIFA,GUAYAS,Medio,0.6231,0.1362,0.6231,0.2407
091850,09,GUAYAS,SANTA LUCÍA,SANTA LUCÍA,GUAYAS,Alto,0.6972,0.0892,0.2136,0.6972
091950,09,GUAYAS,SALITRE,EL SALITRE,GUAYAS,Alto,0.7557,0.0631,0.1812,0.7557
091951,09,GUAYAS,SALITRE,GENERAL VERNAZA,GUAYAS,Medio,0.6064,0.0845,0.6064,0.3091
091952,09,GUAYAS,SALITRE,LA VICTORIA,GUAYAS,Medio,0.6203,0.206,0.6203,0.1737
091953,09,GUAYAS,SALITRE,JUNQUILLAL,GUAYAS,Medio,0.5564,0.073,0.5564,0.3706
092050,09,GUAYAS,SAN JACINTO DE YAGUACHI,SAN JACINTO DE YAGUACHI,GUAYAS,Alto,0.6003,0.162,0.2378,0.6003
092053,09,GUAYAS,SAN JACINTO DE YAGUACHI,GENERAL PEDRO J. MONTERO,GUAYAS,Bajo,0.5605,0.5605,0.2559,0.1836
092055,09,GUAYAS,SAN JACINTO DE YAGUACHI,YAGUACHI VIEJO,GUAYAS,Medio,0.4234,0.344,0.4234,0.2326
092056,09,GUAYAS,SAN JACINTO DE YAGUACHI,VIRGEN DE FÁTIMA,GUAYAS,Medio,0.7061,0.1529,0.7061,0.141
092150,09,GUAYAS,PLAYAS,GENERAL VILLAMIL,GUAYAS,Alto,0.7226,0.0783,0.1992,0.7226
092250,09,GUAYAS,SIMÓN BOLÍVAR,SIMÓN BOLÍVAR,GUAYAS,Alto,0.5572,0.1751,0.2677,0.5572
092251,09,GUAYAS,SIMÓN BOLÍVAR,CORONEL LORENZO DE GARAYCOA,GUAYAS,Bajo,0.505,0.505,0.2668,0.2282
092350,09,GUAYAS,CORONEL MARCELINO MARIDUEÑA,CORONEL MARCELINO MARIDUEÑA,GUAYAS,Medio,0.7081,0.2216,0.7081,0.0703
092450,09,GUAYAS,LOMAS DE SARGENTILLO,LOMAS DE SARGENTILLO,GUAYAS,Medio,0.6087,0.1335,0.6087,0.2578
092550,09,GUAYAS,NOBOL,NARCISA DE JESÚS,GUAYAS,Alto,0.8975,0.0528,0.0497,0.8975
092750,09,GUAYAS,GENERAL  ANTONIO ELIZALDE,GENERAL ANTONIO ELIZALDE,GUAYAS,Medio,0.6272,0.2748,0.6272,0.098
092850,09,GUAYAS,ISIDRO AYORA,ISIDRO AYORA,GUAYAS,Medio,0.6567,0.2815,0.6567,0.0618
120150,12,LOS RÍOS,BABAHOYO,BABAHOYO,LOS RIOS,Alto,0.8724,0.0408,0.0868,0.8724
120152,12,LOS RÍOS,BABAHOYO,CARACOL,LOS RIOS,Medio,0.604,0.1117,0.604,0.2842
120153,12,LOS RÍOS,BABAHOYO,FEBRES CORDERO,LOS RIOS,Alto,0.5758,0.1662,0.258,0.5758
120154,12,LOS RÍOS,BABAHOYO,PIMOCHA,LOS RIOS,Alto,0.7788,0.0816,0.1396,0.7788
120155,12,LOS RÍOS,BABAHOYO,LA UNIÓN,LOS RIOS,Alto,0.6681,0.1399,0.192,0.6681
120250,12,LOS RÍOS,BABA,BABA,LOS RIOS,Alto,0.7733,0.078,0.1487,0.7733
120251,12,LOS RÍOS,BABA,GUARE,LOS RIOS,Medio,0.6708,0.1886,0.6708,0.1406
120252,12,LOS RÍOS,BABA,ISLA DE BEJUCAL,LOS RIOS,Bajo,0.5436,0.5436,0.2981,0.1583
120350,12,LOS RÍOS,MONTALVO,MONTALVO,LOS RIOS,Alto,0.6887,0.1346,0.1767,0.6887
120351,12,LOS RÍOS,MONTALVO,LA ESMERALDA,LOS RIOS,Bajo,0.7845,0.7845,0.2034,0.0121
120450,12,LOS RÍOS,PUEBLOVIEJO,PUEBLOVIEJO,LOS RIOS,Bajo,0.5622,0.5622,0.3055,0.1323
120451,12,LOS RÍOS,PUEBLOVIEJO,PUERTO PECHICHE,LOS RIOS,Medio,0.7276,0.2176,0.7276,0.0548
120452,12,LOS RÍOS,PUEBLOVIEJO,SAN JUAN,LOS RIOS,Medio,0.7414,0.176,0.7414,0.0826
120550,12,LOS RÍOS,QUEVEDO,QUEVEDO,LOS RIOS,Alto,0.7839,0.0656,0.1505,0.7839
120553,12,LOS RÍOS,QUEVEDO,SAN CARLOS,LOS RIOS,Medio,0.6088,0.0957,0.6088,0.2955
120555,12,LOS RÍOS,QUEVEDO,LA ESPERANZA,LOS RIOS,Bajo,0.5386,0.5386,0.2056,0.2558
120650,12,LOS RÍOS,URDANETA,CATARAMA,LOS RIOS,Alto,0.6169,0.252,0.131,0.6169
120651,12,LOS RÍOS,URDANETA,RICAURTE,LOS RIOS,Alto,0.7778,0.1019,0.1203,0.7778
120750,12,LOS RÍOS,VENTANAS,VENTANAS,LOS RIOS,Alto,0.8218,0.0582,0.12,0.8218
120752,12,LOS RÍOS,VENTANAS,ZAPOTAL,LOS RIOS,Medio,0.5353,0.0906,0.5353,0.3741
120753,12,LOS RÍOS,VENTANAS,CHACARITA,LOS RIOS,Bajo,0.7509,0.7509,0.2252,0.0239
120754,12,LOS RÍOS,VENTANAS,LOS ÁNGELES,LOS RIOS,Bajo,0.5248,0.5248,0.2495,0.2257
120850,12,LOS RÍOS,VINCES,VINCES,LOS RIOS,Medio,0.5628,0.0985,0.5628,0.3387
120851,12,LOS RÍOS,VINCES,ANTONIO SOTOMAYOR,LOS RIOS,Alto,0.7155,0.0889,0.1957,0.7155
120950,12,LOS RÍOS,PALENQUE,PALENQUE,LOS RIOS,Medio,0.6417,0.211,0.6417,0.1473
121050,12,LOS RÍOS,BUENA FE,SAN JACINTO DE BUENA FE,LOS RIOS,Medio,0.5894,0.1357,0.5894,0.2748
121051,12,LOS RÍOS,BUENA FE,PATRICIA PILAR,LOS RIOS,Bajo,0.5107,0.5107,0.1639,0.3255
121150,12,LOS RÍOS,VALENCIA,VALENCIA,LOS RIOS,Alto,0.7286,0.1471,0.1243,0.7286
121250,12,LOS RÍOS,MOCACHE,MOCACHE,LOS RIOS,Alto,0.7634,0.1176,0.119,0.7634
121350,12,LOS RÍOS,QUINSALOMA,QUINSALOMA,LOS RIOS,Medio,0.601,0.1897,0.601,0.2093
130150,13,MANABÍ,PORTOVIEJO,PORTOVIEJO,MANABI,Alto,0.8531,0.0356,0.1113,0.8531
130151,13,MANABÍ,PORTOVIEJO,ABDÓN CALDERÓN,MANABI,Alto,0.6288,0.1181,0.2532,0.6288
130152,13,MANABÍ,PORTOVIEJO,ALHAJUELA,MANABI,Medio,0.7519,0.1117,0.7519,0.1364
130153,13,MANABÍ,PORTOVIEJO,CRUCITA,MANABI,Medio,0.6069,0.0947,0.6069,0.2984
130154,13,MANABÍ,PORTOVIEJO,PUEBLO NUEVO,MANABI,Medio,0.8024,0.1606,0.8024,0.037
130155,13,MANABÍ,PORTOVIEJO,RIOCHICO,MANABI,Alto,0.7397,0.0696,0.1907,0.7397
130156,13,MANABÍ,PORTOVIEJO,SAN PLÁCIDO,MANABI,Medio,0.7096,0.2149,0.7096,0.0755
130157,13,MANABÍ,PORTOVIEJO,CHIRIJOS,MANABI,Bajo,0.7684,0.7684,0.2067,0.0249
130250,13,MANABÍ,BOLÍVAR,CALCETA,MANABI,Alto,0.7615,0.0929,0.1456,0.7615
130251,13,MANABÍ,BOLÍVAR,MEMBRILLO,MANABI,Bajo,0.7557,0.7557,0.1712,0.0731
130252,13,MANABÍ,BOLÍVAR,QUIROGA,MANABI,Bajo,0.7509,0.7509,0.151,0.0982
130350,13,MANABÍ,CHONE,CHONE,MANABI,Alto,0.7611,0.0875,0.1514,0.7611
130351,13,MANABÍ,CHONE,BOYACÁ,MANABI,Bajo,0.6375,0.6375,0.1547,0.2078
130352,13,MANABÍ,CHONE,CANUTO,MANABI,Medio,0.6062,0.2153,0.6062,0.1785
130353,13,MANABÍ,CHONE,CONVENTO,MANABI,Medio,0.628,0.3173,0.628,0.0547
130354,13,MANABÍ,CHONE,CHIBUNGA,MANABI,Bajo,0.6882,0.6882,0.2368,0.075
130355,13,MANABÍ,CHONE,ELOY ALFARO,MANABI,Bajo,0.6786,0.6786,0.2547,0.0668
130356,13,MANABÍ,CHONE,RICAURTE,MANABI,Medio,0.6726,0.2794,0.6726,0.048
130357,13,MANABÍ,CHONE,SAN ANTONIO,MANABI,Alto,0.5304,0.2715,0.1982,0.5304
130450,13,MANABÍ,EL CARMEN,EL CARMEN,MANABI,Alto,0.8421,0.0706,0.0872,0.8421
130451,13,MANABÍ,EL CARMEN,WILFRIDO LOOR MOREIRA,MANABI,Bajo,0.7298,0.7298,0.2402,0.03
130452,13,MANABÍ,EL CARMEN,SAN PEDRO DE SUMA,MANABI,Bajo,0.6742,0.6742,0.224,0.1018
130453,13,MANABÍ,EL CARMEN,SANTA MARÍA,MANABI,Bajo,0.7673,0.7673,0.1499,0.0828
130454,13,MANABÍ,EL CARMEN,EL PARAÍSO LA 14,MANABI,Bajo,0.7283,0.7283,0.1249,0.1468
130550,13,MANABÍ,FLAVIO ALFARO,FLAVIO ALFARO,MANABI,Alto,0.453,0.2793,0.2677,0.453
130551,13,MANABÍ,FLAVIO ALFARO,SAN FRANCISCO DE NOVILLO,MANABI,Bajo,0.8746,0.8746,0.1167,0.0087
130552,13,MANABÍ,FLAVIO ALFARO,ZAPALLO,MANABI,Bajo,0.8422,0.8422,0.1523,0.0055
130650,13,MANABÍ,JIPIJAPA,JIPIJAPA,MANABI,Medio,0.7393,0.1596,0.7393,0.1011
130651,13,MANABÍ,JIPIJAPA,AMÉRICA,MANABI,Bajo,0.938,0.938,0.061,0.001
130652,13,MANABÍ,JIPIJAPA,EL ANEGADO,MANABI,Bajo,0.757,0.757,0.2324,0.0107
130653,13,MANABÍ,JIPIJAPA,JULCUY,MANABI,Bajo,0.7689,0.7689,0.2019,0.0292
130654,13,MANABÍ,JIPIJAPA,LA UNIÓN,MANABI,Bajo,0.8636,0.8636,0.1217,0.0147
130656,13,MANABÍ,JIPIJAPA,MEMBRILLAL,MANABI,Bajo,0.8605,0.8605,0.1334,0.0061
130657,13,MANABÍ,JIPIJAPA,PEDRO PABLO GÓMEZ,MANABI,Bajo,0.8634,0.8634,0.1148,0.0218
130658,13,MANABÍ,JIPIJAPA,PUERTO CAYO,MANABI,Bajo,0.6228,0.6228,0.2521,0.1251
130750,13,MANABÍ,JUNÍN,JUNÍN,MANABI,Medio,0.5877,0.1052,0.5877,0.307
130850,13,MANABÍ,MANTA,MANTA,MANABI,Alto,0.8728,0.0445,0.0827,0.8728
130851,13,MANABÍ,MANTA,SAN LORENZO,MANABI,Bajo,0.8705,0.8705,0.124,0.0055
130852,13,MANABÍ,MANTA,SANTA MARIANITA,MANABI,Bajo,0.6387,0.6387,0.3178,0.0434
130950,13,MANABÍ,MONTECRISTI,MONTECRISTI,MANABI,Alto,0.9287,0.0166,0.0547,0.9287
130952,13,MANABÍ,MONTECRISTI,LA PILA,MANABI,Medio,0.7117,0.2321,0.7117,0.0561
131050,13,MANABÍ,PAJÁN,PAJÁN,MANABI,Bajo,0.63,0.63,0.3317,0.0384
131051,13,MANABÍ,PAJÁN,CAMPOZANO,MANABI,Bajo,0.7903,0.7903,0.182,0.0277
131052,13,MANABÍ,PAJÁN,CASCOL,MANABI,Bajo,0.8163,0.8163,0.178,0.0057
131053,13,MANABÍ,PAJÁN,GUALE,MANABI,Bajo,0.7037,0.7037,0.2205,0.0759
131054,13,MANABÍ,PAJÁN,LASCANO,MANABI,Bajo,0.8055,0.8055,0.1891,0.0053
131150,13,MANABÍ,PICHINCHA,PICHINCHA,MANABI,Bajo,0.6722,0.6722,0.1629,0.1649
131151,13,MANABÍ,PICHINCHA,BARRAGANETE,MANABI,Bajo,0.7737,0.7737,0.1632,0.0631
131152,13,MANABÍ,PICHINCHA,SAN SEBASTIÁN,MANABI,Bajo,0.7565,0.7565,0.1883,0.0552
131250,13,MANABÍ,ROCAFUERTE,ROCAFUERTE,MANABI,Alto,0.8372,0.0351,0.1277,0.8372
131350,13,MANABÍ,SANTA ANA,SANTA ANA DE VUELTA LARGA,MANABI,Alto,0.5985,0.1045,0.297,0.5985
131351,13,MANABÍ,SANTA ANA,AYACUCHO,MANABI,Medio,0.7186,0.2678,0.7186,0.0136
131352,13,MANABÍ,SANTA ANA,HONORATO VÁSQUEZ,MANABI,Bajo,0.7639,0.7639,0.2107,0.0253
131353,13,MANABÍ,SANTA ANA,LA UNIÓN,MANABI,Medio,0.7118,0.2721,0.7118,0.0161
131355,13,MANABÍ,SANTA ANA,SAN PABLO,MANABI,Medio,0.63,0.3033,0.63,0.0667
131450,13,MANABÍ,SUCRE,BAHIA DE CARÁQUEZ,MANABI,Medio,0.4816,0.046,0.4816,0.4723
131453,13,MANABÍ,SUCRE,CHARAPOTÓ,MANABI,Alto,0.8474,0.0402,0.1124,0.8474
131457,13,MANABÍ,SUCRE,SAN ISIDRO,MANABI,Medio,0.6182,0.2111,0.6182,0.1706
131550,13,MANABÍ,TOSAGUA,TOSAGUA,MANABI,Alto,0.8238,0.0653,0.1109,0.8238
131551,13,MANABÍ,TOSAGUA,BACHILLERO,MANABI,Bajo,0.6121,0.6121,0.2553,0.1326
131552,13,MANABÍ,TOSAGUA,ÁNGEL PEDRO GILER,MANABI,Bajo,0.4757,0.4757,0.1765,0.3478
131650,13,MANABÍ,24 DE MAYO,SUCRE,MANABI,Medio,0.7471,0.2421,0.7471,0.0108
131651,13,MANABÍ,24 DE MAYO,BELLAVISTA,MANABI,Bajo,0.8657,0.8657,0.133,0.0014
131652,13,MANABÍ,24 DE MAYO,NOBOA,MANABI,Bajo,0.9118,0.9118,0.0847,0.0035
131653,13,MANABÍ,24 DE MAYO,ARQUITECTO SIXTO DURÁN BALLÉN,MANABI,Bajo,0.7882,0.7882,0.2071,0.0048
131750,13,MANABÍ,PEDERNALES,PEDERNALES,MANABI,Alto,0.6822,0.0879,0.2299,0.6822
131751,13,MANABÍ,PEDERNALES,COJIMÍES,MANABI,Medio,0.626,0.246,0.626,0.1279
131752,13,MANABÍ,PEDERNALES,DIEZ DE AGOSTO,MANABI,Bajo,0.6599,0.6599,0.2957,0.0444
131753,13,MANABÍ,PEDERNALES,ATAHUALPA,MANABI,Bajo,0.7466,0.7466,0.198,0.0554
131850,13,MANABÍ,OLMEDO,OLMEDO,MANABI,Medio,0.5402,0.4136,0.5402,0.0462
131950,13,MANABÍ,PUERTO LÓPEZ,PUERTO LÓPEZ,MANABI,Medio,0.68,0.2133,0.68,0.1067
131951,13,MANABÍ,PUERTO LÓPEZ,MACHALILLA,MANABI,Bajo,0.6974,0.6974,0.2351,0.0675
131952,13,MANABÍ,PUERTO LÓPEZ,SALANGO,MANABI,Bajo,0.6213,0.6213,0.313,0.0657
132050,13,MANABÍ,JAMA,JAMA,MANABI,Medio,0.6461,0.2114,0.6461,0.1425
132150,13,MANABÍ,JARAMIJÓ,JARAMIJÓ,MANABI,Medio,0.5208,0.0895,0.5208,0.3897
132250,13,MANABÍ,SAN VICENTE,SAN VICENTE,MANABI,Medio,0.6407,0.168,0.6407,0.1912
132251,13,MANABÍ,SAN VICENTE,CANOA,MANABI,Medio,0.7093,0.2076,0.7093,0.0831
